,pop,gdpc,nrgint,co2int
2018,512372000.0,43156.49463984476,7.018405711624982e-05,2.227743361064641
