,pop,gdpc,nrgint,co2int
2018,512372000.0,37534.39102754015,8.06966038830255e-05,2.227743361064641
