name fuel,mean,std
oil,2.2938144329896906,0.08028350515463918
coal,4.019264448336252,0.14067425569176883
gas,2.23644578313253,0.07827560240963856
