name fuel,mean,std
oil,2.4092804266871966,0.0825450274948962
coal,4.028623974733743,0.03281658323581763
gas,2.2219032801921945,0.02814184344209418
fossil,2.741168509903996,0.08765999173751818
