name fuel,left,mode,right
oil,2.2135309278350515,2.2938144329896906,2.3740979381443297
coal,3.8785901926444835,4.019264448336252,4.159938704028021
gas,2.1581701807228915,2.23644578313253,2.314721385542169
