name fuel,left,mode,right
oil,0.38949320148331273,0.41701930078076865,0.40939963614311703
coal,0.24488262910798123,0.24818764286081774,0.24764521193092623
gas,0.4414071510957324,0.4490176757000041,0.4473129610115911
