name fuel,mean,std
oil,0.4154967058159632,0.013338061416921421
coal,0.24823869234188972,0.0019309567052006003
gas,0.4501305229306605,0.005465869824290649
