name fuel,mean,std
oil,2.2938144329896906,0.16056701030927836
coal,4.019264448336252,0.28134851138353767
gas,2.23644578313253,0.15655120481927712
