name fuel,left,mode,right
oil,2.282345360824742,2.3979972056229024,2.6829736591558233
coal,3.944304932735426,4.029209780881153,4.2673504601226995
gas,2.1575084175084176,2.2270839322859413,2.3674287954010977
