name fuel,mean,std
oil,2.4092804266871966,0.199078333234261
coal,4.028623974733743,0.23268508753270395
gas,2.2219032801921945,0.13789691966874704
